gvkey,company_name,sector,sector_name,avg_PE,avg_MB,PE_rank,PE_percentile,MB_rank,MB_percentile,market_cap,price,eps,data_source
4409,ENZON PHARMACEUTICALS INC,35.0,Health Care,-10.287,-0.8200940873443027,1233.0,26.734605377276672,1.0,0.02168256721595837,7.63449705,0.10287,-0.01,Q1 Only
27939,TENAX THERAPEUTICS INC,35.0,Health Care,-23.39285714285714,-0.7624867257426892,881.0,19.102341717259325,2.0,0.04336513443191674,26.0035,6.55,-0.28,Q1 Only
64945,STRATEGEM CAPITAL CORP,40.0,Financials,-3.714285714285714,-0.757258758451137,1552.0,33.651344319167386,3.0,0.06504770164787511,2.3696400000000004,0.26,-0.07,Q1 Only
38015,HELIOGEN INC,20.0,Industrials,-0.8203883495145631,-0.7095562048708849,1792.0,38.8551604509974,4.0,0.08673026886383348,5.168865,0.845,-1.03,Q1 Only
19771,GALMED PHARMACEUTICALS LTD,35.0,Health Care,-2.32258064516129,-0.6743459644615715,1664.0,36.07979184735473,5.0,0.10841283607979184,3.2515199999999997,1.44,-0.62,Q1 Only
32347,MUSTANG BIO INC,35.0,Health Care,-25.0,-0.6717251324703198,856.0,18.571118820468342,6.0,0.13009540329575023,4.2162500000000005,1.25,-0.05,Q1 Only
20720,RELMADA THERAPEUTICS INC,35.0,Health Care,-0.4655172413793104,-0.6538950106578995,1816.0,39.375542064180394,7.0,0.1517779705117086,8.96184,0.27,-0.58,Q1 Only
39527,WHITEHAWK THERAPEUTICS INC,35.0,Health Care,0.967391304347826,-0.6315531491183837,1836.0,39.80919340849957,8.0,0.17346053772766695,83.2773,1.78,1.84,Q1 Only
37036,PMV PHARMACEUTICALS INC,35.0,Health Care,-3.2058823529411766,-0.6016842117602926,1593.0,34.55117085862966,9.0,0.19514310494362533,56.62986000000001,1.09,-0.34,Q1 Only
43843,KYVERNA THERAPEUTICS INC,35.0,Health Care,-1.87378640776699,-0.5842908442193706,1697.0,36.79531656548135,10.0,0.21682567215958368,83.41267,1.93,-1.03,Q1 Only
33721,ALLAKOS INC,35.0,Health Care,-0.7848275862068966,-0.5822016088672434,1799.0,39.006938421509105,11.0,0.23850823937554208,20.5698052,0.2276,-0.29,Q1 Only
38422,CONNECT BIO HLD LTD - ADS,35.0,Health Care,-2.8947368421052633,-0.5676366186545827,1621.0,35.14744145706852,12.0,0.26019080659150046,30.4436,0.55,-0.19,Q1 Only
36915,ATHIRA PHARMA INC,35.0,Health Care,-1.238695652173913,-0.5614398961229978,1761.0,38.18300086730269,13.0,0.2818733738074588,11.1230658,0.2849,-0.23,Q1 Only
29914,LEAP THERAPEUTICS INC,35.0,Health Care,-0.8245945945945946,-0.5605853378823934,1791.0,38.83347788378144,14.0,0.3035559410234172,12.643344,0.3051,-0.37,Q1 Only
36556,REPARE THERAPEUTIC INC,35.0,Health Care,-1.3885915492957748,-0.5594228914826104,1742.0,37.77103209019948,15.0,0.32523850823937556,42.2862369,0.9859,-0.71,Q1 Only
37825,SENSEI BIOTHERAPEU INC,35.0,Health Care,-1.4592592592592593,-0.5536813941943407,1734.0,37.59757155247181,16.0,0.3469210754553339,9.931952,0.394,-0.27,Q1 Only
35090,NEXTCURE INC,35.0,Health Care,-1.2315384615384617,-0.5456639096176474,1763.0,38.226366001734604,17.0,0.3686036426712923,13.451762100000002,0.4803,-0.39,Q1 Only
39774,VENTYX BIOSCIENCES INC,35.0,Health Care,-2.9487179487179485,-0.5382075508915891,1617.0,35.060711188204685,18.0,0.39028620988725066,81.83515,1.15,-0.39,Q1 Only
37084,ALIGOS THERAPEUTICS INC,35.0,Health Care,1.611328125,-0.5285254049462836,1840.0,39.8959236773634,19.0,0.411968777103209,50.44875,8.25,5.12,Q1 Only
34263,PROKIDNEY CORP,35.0,Health Care,-6.739999999999999,-0.5211767611270228,1381.0,29.94362532523851,20.0,0.43365134431916735,113.4994432,0.8762,-0.13,Q1 Only
33631,KEZAR LIFE SCIENCES,35.0,Health Care,-2.149779735682819,-0.5157090851029859,1679.0,36.40503035559411,21.0,0.4553339115351257,35.65328,4.88,-2.27,Q1 Only
38711,PALISADE BIO INC,35.0,Health Care,-1.4485106382978723,-0.5101980952380953,1736.0,37.64093668690373,22.0,0.47701647875108416,2.9934776,0.6808,-0.47,Q1 Only
50567,BIOAGE LABS INC,35.0,Health Care,-10.444444444444445,-0.5101485861197471,1225.0,26.571986123156982,23.0,0.4986990459670425,134.796,3.76,-0.36,Q1 Only
37310,GALECTO INC,35.0,Health Care,-1.6145833333333337,-0.5055515782622844,1722.0,37.33738074588031,24.0,0.5203816131830009,4.0982,3.1,-1.92,Q1 Only
39028,ZURA BIO LIMITED,35.0,Health Care,-6.7894736842105265,-0.477490782394954,1378.0,29.878577623590637,25.0,0.5420641803989592,88.20375,1.29,-0.19,Q1 Only
36464,PLIANT THERAPEUTICS INC,35.0,Health Care,-1.4673913043478262,-0.4716184702845374,1730.0,37.51084128360798,26.0,0.5637467476149176,82.87110000000001,1.35,-0.92,Q1 Only
39359,RALLYBIO CORP,35.0,Health Care,-3.1166666666666667,-0.4681362813238363,1601.0,34.71379011274935,27.0,0.5854293148308759,27.235054,0.6545,-0.21,Q1 Only
35836,I-MAB,35.0,Health Care,-20.5975,-0.4673966622156494,942.0,20.424978317432785,28.0,0.6071118820468344,67.279674,0.8239,-0.04,Q1 Only
34616,ALECTOR INC,35.0,Health Care,-3.0,-0.4665937061447013,1612.0,34.95229835212489,29.0,0.6287944492627927,122.99139,1.23,-0.41,Q1 Only
22035,CORBUS PHARMACEUTICALS HLDGS,35.0,Health Care,-3.820143884892086,-0.4663710685980948,1542.0,33.434518647007806,30.0,0.6504770164787511,64.95723,5.31,-1.39,Q1 Only
38513,LAVA THERAPEUTICS N V,35.0,Health Care,-9.769230769230768,-0.461488138737422,1253.0,27.168256721595835,31.0,0.6721595836947094,33.40735,1.27,-0.13,Q1 Only
17024,GLUCOTRACK INC,35.0,Health Care,-0.2604477611940298,-0.4549774240532667,1823.0,39.52732003469211,32.0,0.6938421509106678,4.464757,0.1745,-0.67,Q1 Only
21522,VYNE THERAPEUTICS INC,35.0,Health Care,-7.9,-0.4429714832603724,1332.0,28.88117953165655,33.0,0.7155247181266261,25.21522,1.58,-0.2,Q1 Only
272872,GALAPAGOS NV,35.0,Health Care,-9.88976377952756,-0.4417277365625025,1249.0,27.081526452732003,34.0,0.7372072853425846,1655.3326400000003,25.12,-2.54,Q1 Only
34584,PHUNWARE INC,45.0,Information Technology,-16.38888888888889,-0.4405586696895585,1039.0,22.528187337380746,35.0,0.7588898525585429,59.50445,2.95,-0.18,Q1 Only
43792,METAGENOMI INC,35.0,Health Care,-2.0,-0.4387660223053319,1688.0,36.611014744145706,36.0,0.7805724197745013,50.83952,1.36,-0.68,Q1 Only
21282,KIORA PHARMACEUTICALS INC,35.0,Health Care,-5.788461538461537,-0.43835949441505,1427.0,30.94102341717259,37.0,0.8022549869904596,9.03301,3.01,-0.52,Q1 Only
35014,HOOKIPA PHARMA INC,35.0,Health Care,-0.878048780487805,-0.4365652344260154,1786.0,38.72506504770165,38.0,0.823937554206418,13.03776,1.08,-1.23,Q1 Only
36679,ITEOS THERAPEUTICS INC,35.0,Health Care,-7.4625,-0.4353388751364077,1346.0,29.184735472679968,39.0,0.8456201214223764,228.48384,5.97,-0.8,Q1 Only
34077,ARVINAS INC,35.0,Health Care,6.157894736842105,-0.4306662671061831,1881.0,40.78490893321769,40.0,0.8673026886383347,512.4599999999999,7.02,1.14,Q1 Only
165672,MINCO SILVER CORP,15.0,Materials,7.0,-0.4277263594391245,1885.0,40.871639202081525,41.0,0.8889852558542931,12.81525,0.21,0.03,Q1 Only
43137,TURNSTONE BIOLOGICS CORP,35.0,Health Care,-0.8039215686274509,-0.426858001665882,1795.0,38.92020815264527,42.0,0.9106678230702514,9.48617,0.41,-0.51,Q1 Only
39806,XILIO THERAPEUTICS INC,35.0,Health Care,-4.024444444444445,-0.4213736549809093,1530.0,33.174327840416304,43.0,0.9323503902862099,37.50581,0.7244,-0.18,Q1 Only
38617,ARTIVA BIOTHERAPEUTICS INC,35.0,Health Care,-3.6144578313253017,-0.4124059541050803,1563.0,33.889852558542934,44.0,0.9540329575021683,73.089,3.0,-0.83,Q1 Only
41522,THIRD HARMONIC BIO INC,35.0,Health Care,-9.914285714285716,-0.402420274732343,1247.0,27.038161318300087,45.0,0.9757155247181267,155.99732000000003,3.47,-0.35,Q1 Only
35648,APREA THERAPEUTICS INC,35.0,Health Care,-3.090909090909091,-0.3970171100781326,1603.0,34.75715524718127,46.0,0.997398091934085,11.24652,2.04,-0.66,Q1 Only
36704,ALX ONCOLOGY HOLDI INC,35.0,Health Care,-1.0741379310344827,-0.3969211579818032,1771.0,38.399826539462275,47.0,1.0190806591500434,33.258232,0.623,-0.58,Q1 Only
176701,INTERACTIVE BROKERS GROUP,40.0,Financials,84.91794871794872,-0.3933233603095071,3478.0,75.41196877710321,48.0,1.0407632263660018,18039.70578,165.59,1.95,Q1 Only
39448,AEYE INC,45.0,Information Technology,-1.2393478260869566,-0.3890412210029169,1760.0,38.161318300086734,49.0,1.06244579358196,10.655169000000004,0.5701,-0.46,Q1 Only
37292,ATEA PHARMACEUTICALS INC,35.0,Health Care,-7.475,-0.3820989671882244,1343.0,29.119687771032087,50.0,1.0841283607979184,255.88121,2.99,-0.4,Q1 Only
38453,ONKURE THERAPEUTICS INC,35.0,Health Care,-3.613445378151261,-0.3795018121383233,1564.0,33.91153512575889,51.0,1.1058109280138768,57.8006,4.3,-1.19,Q1 Only
22964,ESSA PHARMA INC,35.0,Health Care,-11.285714285714285,-0.3765314733786768,1188.0,25.758889852558543,52.0,1.1274934952298352,70.13462000000001,1.58,-0.14,Q1 Only
36987,ADICET BIO INC,35.0,Health Care,-2.435483870967742,-0.375111491025822,1646.0,35.68950563746748,53.0,1.1491760624457936,62.44604999999999,0.755,-0.31,Q1 Only
39633,CONTEXT THERAPEUTICS INC,35.0,Health Care,-12.239999999999998,-0.3685166675630614,1145.0,24.826539462272333,54.0,1.1708586296617518,54.898847999999994,0.612,-0.05,Q1 Only
36328,KEROS THERAPEUTICS INC,35.0,Health Care,2.7841530054644807,-0.3681055010381603,1854.0,40.19947961838682,55.0,1.1925411968777104,413.3267799999999,10.19,3.66,Q1 Only
39291,CARIBOU BIOSCIENCE INC,35.0,Health Care,-2.1234883720930235,-0.3556221478790891,1681.0,36.44839549002602,56.0,1.2142237640936688,84.9228655,0.9131,-0.43,Q1 Only
61766,ASTROTECH CORP,45.0,Information Technology,-2.972477064220183,-0.3554081187254474,1614.0,34.99566348655681,57.0,1.235906331309627,10.97712,6.48,-2.18,Q1 Only
65552,IDENTIV INC,45.0,Information Technology,-15.190476190476192,-0.3517309352064759,1067.0,23.13529921942758,58.0,1.2575888985255854,75.03199000000001,3.19,-0.21,Q1 Only
26874,EDITAS MEDICINE INC,35.0,Health Care,-1.2608695652173911,-0.351703761018312,1756.0,38.074588031222895,59.0,1.2792714657415438,97.1036,1.16,-0.92,Q1 Only
41118,HILLEVAX INC,35.0,Health Care,-12.083333333333334,-0.3514886394774663,1151.0,24.96747614917606,60.0,1.3009540329575022,72.64645,1.45,-0.12,Q1 Only
37105,SPRUCE BIOSCIENCES INC,35.0,Health Care,-0.9065625,-0.3497357546841922,1783.0,38.66001734605377,61.0,1.3226366001734606,12.2512131,0.2901,-0.32,Q1 Only
322154,ALLARITY THERAPEUT INC,35.0,Health Care,-3.7476,-0.3495825159771276,1548.0,33.564614050303554,62.0,1.3443191673894188,15.947911799999998,0.9369,-0.25,Q1 Only
38469,IKENA ONCOLOGY INC,35.0,Health Care,-7.111111111111112,-0.3490634219416377,1363.0,29.553339115351257,63.0,1.3660017346053772,61.77024000000001,1.28,-0.18,Q1 Only
38643,BARINTHUS BIOTHERAPEUTICS,35.0,Health Care,-1.985102040816327,-0.348053851516944,1690.0,36.64353859496964,64.0,1.3876843018213356,39.2377453,0.9727,-0.49,Q1 Only
43287,NEUMORA THERAPEUTICS INC,35.0,Health Care,-2.380952380952381,-0.3422811472728123,1656.0,35.90633130962706,65.0,1.409366869037294,161.748,1.0,-0.42,Q1 Only
39575,CYNGN INC,45.0,Information Technology,-0.6863636363636364,-0.3398266869275945,1805.0,39.13703382480486,66.0,1.4310494362532522,7.93656,4.53,-6.6,Q1 Only
19717,NEUROGENE INC,35.0,Health Care,-10.842592592592592,-0.3363918921919054,1210.0,26.23590633130963,67.0,1.4527320034692108,174.83030000000002,11.71,-1.08,Q1 Only
33240,Q32 BIO INC,35.0,Health Care,-1.8333333333333333,-0.3358664997280925,1701.0,36.88204683434519,68.0,1.4744145706851692,20.1267,1.65,-0.9,Q1 Only
37412,OLEMA PHARMACEUTICALS INC,35.0,Health Care,-10.444444444444445,-0.3286477117657254,1225.0,26.571986123156982,69.0,1.4960971379011276,256.93208,3.76,-0.36,Q1 Only
37425,SEER INC,35.0,Health Care,-4.970588235294117,-0.3279501585262958,1483.0,32.15524718126626,70.0,1.5177797051170858,100.4367,1.69,-0.34,Q1 Only
40833,AN2 THERAPEUTICS INC,35.0,Health Care,-3.885714285714286,-0.3204563392055862,1537.0,33.32610581092801,71.0,1.5394622723330442,40.993120000000005,1.36,-0.35,Q1 Only
38993,DERMATA THERAPEUTICS INC,35.0,Health Care,-2.4,-0.3201759120439778,1653.0,35.85212489158716,72.0,1.5611448395490026,6.515640000000001,1.08,-0.45,Q1 Only
137642,CASSAVA SCIENCES INC,35.0,Health Care,-3.125,-0.3183521130758096,1599.0,34.670424978317435,73.0,1.5828274067649613,72.462,1.5,-0.48,Q1 Only
130498,GIGAMEDIA LTD,50.0,Communication Services,-27.333333333333332,-0.3172279309850405,822.0,17.82307025151778,74.0,1.6045099739809192,18.125279999999997,1.64,-0.06,Q1 Only
23297,XBIOTECH INC,35.0,Health Care,-9.000000000000002,-0.3140581973342717,1292.0,28.013876843018217,75.0,1.6261925411968778,98.78112,3.24,-0.36,Q1 Only
31628,MERSANA THRPEUTIC INC,35.0,Health Care,-1.811578947368421,-0.3119560580060638,1707.0,37.01214223764094,76.0,1.647875108412836,42.8979902,0.3442,-0.19,Q1 Only
37541,BIOATLA INC,35.0,Health Care,-1.3338461538461537,-0.3017898459127709,1748.0,37.90112749349523,77.0,1.6695576756287946,20.2534668,0.3468,-0.26,Q1 Only
28724,BALLARD POWER SYSTEMS INC,20.0,Industrials,-15.714285714285714,-0.2983356022257173,1057.0,22.918473547267997,78.0,1.6912402428447528,329.81630000000007,1.1,-0.07,Q1 Only
36848,REVELATION BIOSCIENCES INC,35.0,Health Care,-1.246445497630332,-0.2946297229219143,1758.0,38.11795316565481,79.0,1.7129228100607112,2.53532,2.63,-2.11,Q1 Only
45157,BOUNDLESS BIO INC,35.0,Health Care,-2.126760563380282,-0.2928540801706737,1680.0,36.42671292281006,80.0,1.7346053772766694,33.673,1.51,-0.71,Q1 Only
35729,4D MOLECULAR THER INC,35.0,Health Care,-3.755813953488372,-0.2868837121821732,1546.0,33.52124891587164,81.0,1.756287944492628,149.62975,3.23,-0.86,Q1 Only
157865,MEI PHARMA INC,35.0,Health Care,-5.615384615384615,-0.2829794504066606,1438.0,31.179531656548136,82.0,1.7779705117085862,14.59197,2.19,-0.39,Q1 Only
43555,CARGO THERAPEUTICS INC,35.0,Health Care,-2.299435028248588,-0.2788898957610985,1666.0,36.12315698178664,83.0,1.7996530789245446,187.44385000000003,4.07,-1.77,Q1 Only
50659,CHAIN BRIDGE BANCORP INC,40.0,Financials,27.333333333333336,-0.2740075281146126,2109.0,45.7285342584562,84.0,1.8213356461405028,156.04436,23.78,0.87,Q1 Only
37848,TERNS PHARMACEUTIC INC,35.0,Health Care,-10.615384615384617,-0.2713894758557683,1219.0,26.43104943625325,85.0,1.8430182133564614,240.94248,2.76,-0.26,Q1 Only
26149,AVALO THERAPEUTICS INC,35.0,Health Care,-6.4079999999999995,-0.2712525717750844,1403.0,30.42064180398959,86.0,1.8647007805724198,86.73227999999999,8.01,-1.25,Q1 Only
36677,RELAY THERAPEUTICS INC,35.0,Health Care,-5.695652173913044,-0.2708759235490303,1432.0,31.060277536860365,87.0,1.886383347788378,446.66808,2.62,-0.46,Q1 Only
38790,SAGIMET BIOSCIENCES INC,35.0,Health Care,-5.82142857142857,-0.2707378978190078,1423.0,30.85429314830876,88.0,1.9080659150043366,104.9557,3.26,-0.56,Q1 Only
37063,PRELUDE THERAPEUTICS INC,35.0,Health Care,-1.8285714285714287,-0.2675727594506583,1702.0,36.914570685169124,89.0,1.9297484822202948,43.356672,0.768,-0.42,Q1 Only
36052,BLACK DIAMOND THERAPEUTICS,35.0,Health Care,1.55,-0.264794178558257,1838.0,39.85255854293148,90.0,1.9514310494362535,87.84935,1.55,1.0,Q1 Only
41225,PEPGEN INC,35.0,Health Care,-1.5271739130434785,-0.2632326344461627,1726.0,37.42411101474414,91.0,1.9731136166522116,45.97300499999999,1.405,-0.92,Q1 Only
35376,FULCRUM THERAPEUTICS INC,35.0,Health Care,-10.285714285714285,-0.2597928695358317,1234.0,26.75628794449263,92.0,1.99479618386817,155.45952,2.88,-0.28,Q1 Only
38986,ACUMEN PHARMACEUTICALS INC,35.0,Health Care,-2.291666666666667,-0.2585886990287463,1667.0,36.1448395490026,93.0,2.0164787510841284,66.6303,1.1,-0.48,Q1 Only
182902,CREATIVE MED TECH HLDG INC,35.0,Health Care,-2.6144578313253013,-0.2501773092128909,1635.0,35.450997398091936,94.0,2.038161318300087,5.60077,2.17,-0.83,Q1 Only
184392,GREEN DOT CORP,40.0,Financials,17.95744680851064,-0.2336651102457538,1986.0,43.06157849089332,95.0,2.059843885516045,463.12812,8.44,0.47,Q1 Only
38745,TSCAN THERAPEUTICS INC,35.0,Health Care,-5.3076923076923075,-0.2301002377452969,1463.0,31.721595836947092,96.0,2.0815264527320037,78.09558,1.38,-0.26,Q1 Only
39311,MARKETWISE INC,40.0,Financials,24.68,-0.227550342294206,2063.0,44.73113616652212,97.0,2.1032090199479616,22.903039999999997,0.4936,0.02,Q1 Only
50681,UPSTREAM BIO INC,35.0,Health Care,-12.0,-0.2222796375904544,1157.0,25.10841283607979,98.0,2.12489158716392,328.28292,6.12,-0.51,Q1 Only
35137,BICYCLE THERAPEUTICS PLC,35.0,Health Care,-9.647727272727272,-0.2221194170341691,1260.0,27.320034692107548,99.0,2.146574154379879,587.52498,8.49,-0.88,Q1 Only
36950,AMERICAN WELL CORP,35.0,Health Care,-6.621848739495799,-0.2162770938426769,1387.0,30.07372072853426,100.0,2.168256721595837,124.39368,7.88,-1.19,Q1 Only
115831,NETWORK-1 TECHNOLOGIES INC,45.0,Information Technology,-65.0,-0.2151626359098264,506.0,10.971379011274934,101.0,2.1899392888117952,29.746600000000004,1.3,-0.02,Q1 Only
36599,GENERATION BIO CO,35.0,Health Care,-1.840909090909091,-0.2127826201402546,1700.0,36.86036426712923,102.0,2.2116218560277536,27.138645,0.405,-0.22,Q1 Only
26112,CYTOMX THERAPEUTICS INC,35.0,Health Care,2.354814814814815,-0.2079065169497547,1850.0,40.112749349522986,103.0,2.233304423243712,51.2588318,0.6358,0.27,Q1 Only
14394,WILMINGTON CAP MGMT  -CL A,40.0,Financials,-215.0,-0.2064905086494853,188.0,4.076322636600174,104.0,2.2549869904596704,26.8664,2.15,-0.01,Q1 Only
18173,EVOKE PHARMA INC,35.0,Health Care,-5.3921568627450975,-0.2060484855886662,1455.0,31.548135299219425,105.0,2.276669557675629,4.1057500000000005,2.75,-0.51,Q1 Only
248780,NEUPHORIA THERAPEUTICS INC,35.0,Health Care,0.8793893129770992,-0.2016722560479276,1834.0,39.76582827406765,106.0,2.2983521248915872,10.67904,5.76,6.55,Q1 Only
16947,ACTINIUM PHARMACEUTICALS INC,35.0,Health Care,-3.1568627450980395,-0.1990828441155475,1596.0,34.60537727666956,107.0,2.3200346921075456,50.22556000000001,1.61,-0.51,Q1 Only
38883,LYELL IMMUNOPHARMA INC,35.0,Health Care,-2.98888888888889,-0.198291308940479,1613.0,34.97398091934085,108.0,2.3417172593235036,158.862792,0.538,-0.18,Q1 Only
237269,XENETIC BIOSCIENCES INC,35.0,Health Care,-4.423728813559322,-0.1965774477637714,1510.0,32.74067649609714,109.0,2.3633998265394625,4.02462,2.61,-0.59,Q1 Only
36140,PASSAGE BIO INC,35.0,Health Care,-1.4124,-0.1894814454805478,1738.0,37.684301821335644,110.0,2.385082393755421,21.944458800000003,0.3531,-0.25,Q1 Only
4632,LISATA THERAPEUTICS INC,35.0,Health Care,-4.2727272727272725,-0.1892274248645664,1520.0,32.95750216825672,111.0,2.406764960971379,20.257,2.35,-0.55,Q1 Only
35639,IGM BIOSCIENCES INC,35.0,Health Care,-1.337209302325581,-0.188914345373606,1747.0,37.87944492627927,112.0,2.4284475281873377,69.0667,1.15,-0.86,Q1 Only
19549,BIOVIE INC,35.0,Health Care,-6.533333333333333,-0.188132197891322,1395.0,30.247181266261926,113.0,2.4501300954032956,18.14666,0.98,-0.15,Q1 Only
32846,PROCESSA PHARMACEUTICALS INC,35.0,Health Care,-1.2333333333333334,-0.1865841995841995,1762.0,38.20468343451865,114.0,2.471812662619254,1.94953,0.37,-0.3,Q1 Only
66274,PACIFIC HEALTH CARE ORG INC,35.0,Health Care,35.75,-0.1843248795133128,2348.0,50.92150910667823,115.0,2.4934952298352124,9.152,0.715,0.02,Q1 Only
10035,STATE STREET CORP,40.0,Financials,43.25120772946861,-0.1771668309305514,2583.0,56.006071118820465,116.0,2.515177797051171,25845.16228,89.53,2.07,Q1 Only
345980,CONTEXTLOGIC INC,25.0,Consumer Discretionary,-25.85185185185185,-0.1763599999999999,845.0,18.32176929748482,117.0,2.5368603642671292,183.67172,6.98,-0.27,Q1 Only
41309,SHUTTLE PHARMACEUTICAL H INC,35.0,Health Care,-1.2966666666666669,-0.1742020715630884,1751.0,37.97701647875108,118.0,2.5585429314830876,2.482987,0.389,-0.3,Q1 Only
37640,ENVERIC BIOSCIENCES INC,35.0,Health Care,-1.139344262295082,-0.1681536652293218,1768.0,38.3347788378144,119.0,2.580225498699046,3.4360799999999996,1.39,-1.22,Q1 Only
18562,FATE THERAPEUTICS INC,35.0,Health Care,-2.4690625,-0.1669234695362078,1644.0,35.64614050303556,120.0,2.6019080659150045,90.5486204,0.7901,-0.32,Q1 Only
31542,CO-DIAGNOSTIC INC,35.0,Health Care,-1.29,-0.1659830495566555,1753.0,38.00954032957502,121.0,2.6235906331309624,10.3942008,0.3096,-0.24,Q1 Only
15532,BNP PARIBAS,40.0,Financials,31.468939393939394,-0.1637917850518089,2225.0,48.24371205550737,122.0,2.6452732003469213,93795.062,41.539,1.32,Q1 Only
18658,MACROGENICS INC,35.0,Health Care,-1.9538461538461536,-0.1627622291986729,1693.0,36.70858629661752,123.0,2.6669557675628797,80.1243,1.27,-0.65,Q1 Only
39821,BLUEJAY DIAGNOSTICS INC,35.0,Health Care,-1.1068249258160237,-0.160966275104206,1769.0,38.35646140503036,124.0,2.6886383347788376,2.0664200000000004,3.73,-3.37,Q1 Only
37110,SHATTUCK LABS INC,35.0,Health Care,-3.5188888888888883,-0.1580489082120596,1569.0,34.01994796183868,125.0,2.7103209019947965,45.5088399,0.9501,-0.27,Q1 Only
32365,SYNLOGIC INC,35.0,Health Care,41.333333333333336,-0.1540665701881331,2522.0,54.694275802254985,126.0,2.7320034692107544,14.50304,1.24,0.03,Q1 Only
185289,ASSEMBLY BIOSCIENCES INC,35.0,Health Care,-8.170940170940172,-0.1532096508680328,1321.0,28.64267129228101,127.0,2.753686036426713,72.83764000000001,9.56,-1.17,Q1 Only
12818,PERSPECTIVE THERAPEUTICS INC,35.0,Health Care,-8.52,-0.1522863892102298,1306.0,28.31743278404163,128.0,2.7753686036426712,157.72863,2.13,-0.25,Q1 Only
22116,SKYE BIOSCIENCE INC,35.0,Health Care,-5.678571428571428,-0.1475738119858626,1434.0,31.092801387684304,129.0,2.7970511708586296,49.25025,1.59,-0.28,Q1 Only
35009,GREENLANE HOLDINGS INC,25.0,Consumer Discretionary,-0.8562500000000001,-0.1430732206592483,1788.0,38.768430182133564,130.0,2.818733738074588,2.284338,0.274,-0.32,Q1 Only
7982,NORTHERN TRUST CORP,40.0,Financials,51.64921465968587,-0.1429645368180518,2835.0,61.47007805724197,131.0,2.8404163052905465,19191.27235,98.65,1.91,Q1 Only
61394,SOUTHERN BANC CO INC,40.0,Financials,36.66666666666667,-0.1421301914119074,2373.0,51.452732003469215,132.0,2.8620988725065044,8.382,11.0,0.3,Q1 Only
26081,KURA ONCOLOGY INC,35.0,Health Care,-9.999999999999998,-0.1421179298809836,1245.0,26.994796183868168,133.0,2.8837814397224633,533.1348,6.6,-0.66,Q1 Only
184155,DAQO NEW ENERGY CORP,45.0,Information Technology,-16.925233644859812,-0.1389036437560037,1029.0,22.311361665221163,134.0,2.9054640069384217,1208.87872,18.11,-1.07,Q1 Only
12673,BARCLAYS PLC,40.0,Financials,22.925373134328357,-0.1373856080012847,2037.0,44.1673894189072,135.0,2.92714657415438,55050.24,15.36,0.67,Q1 Only
108979,FIRST GUARANTY BANCSHARES,40.0,Financials,-14.25925925925926,-0.1360443990746014,1086.0,23.54726799653079,136.0,2.9488291413703385,97.7284,7.7,-0.54,Q1 Only
34076,EVENTBRITE INC,50.0,Communication Services,-30.14285714285714,-0.1331768115299715,781.0,16.934084995663486,137.0,2.9705117085862964,199.67774,2.11,-0.07,Q1 Only
18424,LIPOCINE INC,35.0,Health Care,-9.085714285714287,-0.1319512195121952,1288.0,27.92714657415438,138.0,2.9921942758022553,17.012999999999998,3.18,-0.35,Q1 Only
37651,SES AI CORPORATION,20.0,Industrials,-13.017500000000002,-0.1315603019131844,1117.0,24.2194275802255,139.0,3.0138768430182132,189.9779157,0.5207,-0.04,Q1 Only
28027,AMARIN CORPORATION PLC,35.0,Health Care,-11.2025,-0.1312689685622646,1191.0,25.823937554206417,140.0,3.0355594102341716,185.6769565,0.4481,-0.04,Q1 Only
260751,BANK OF NT BUTTERFIELD & SON,40.0,Financials,30.88888888888889,-0.1296011716010847,2211.0,47.940156114483955,141.0,3.05724197745013,1642.4629200000002,38.92,1.26,Q1 Only
177764,THERIVA BIOLOGICS INC,35.0,Health Care,-0.7096774193548387,-0.1274462858741954,1802.0,39.07198612315698,142.0,3.0789245446660884,3.0602000000000005,1.1,-1.55,Q1 Only
25105,CONIFER HOLDINGS INC,40.0,Financials,12.775,-0.1251364148205894,1931.0,41.86903729401561,143.0,3.100607111882047,6.245953,0.511,0.04,Q1 Only
37562,SKILLZ INC,50.0,Communication Services,-4.891304347826087,-0.1242402146564718,1486.0,32.22029488291413,144.0,3.1222896790980053,84.60000000000001,4.5,-0.92,Q1 Only
50763,SEPTERNA INC,35.0,Health Care,-11.816326530612246,-0.1235543984148195,1168.0,25.32523850823938,145.0,3.143972246313963,257.35392,5.79,-0.49,Q1 Only
60953,GREAT AMERICAN BANCORP INC,40.0,Financials,20.33730158730159,-0.1210770873328955,2007.0,43.516912402428446,146.0,3.1656548135299225,18.45,51.25,2.52,Q1 Only
155913,PHARMACYTE BIOTECH INC,35.0,Health Care,-3.6475,-0.1209538537008304,1558.0,33.78143972246314,147.0,3.1873373807458805,11.0818345,1.6049,-0.44,Q1 Only
22460,CRONOS GROUP INC,35.0,Health Care,90.5,-0.1199635127276445,3552.0,77.01647875108412,148.0,3.2090199479618384,697.58486,1.81,0.02,Q1 Only
2019,BANK OF NEW YORK MELLON CORP,40.0,Financials,52.74842767295598,-0.119150494155769,2872.0,62.27233304423244,149.0,3.230702515177797,60003.44958,83.87,1.59,Q1 Only
39402,TANGO THERAPEUTICS INC,35.0,Health Care,-3.805555555555556,-0.1170154498990177,1543.0,33.45620121422376,150.0,3.2523850823937557,148.10796000000002,1.37,-0.36,Q1 Only
37081,C4 THERAPEUTICS INC,35.0,Health Care,-4.324324324324325,-0.1162260111916475,1516.0,32.870771899392885,151.0,3.274067649609714,113.584,1.6,-0.37,Q1 Only
36003,OBLONG INC,45.0,Information Technology,-5.5423728813559325,-0.1133859095688748,1442.0,31.26626192541197,152.0,3.295750216825672,3.77685,3.27,-0.59,Q1 Only
38625,WEREWOLF THERAPTCS INC,35.0,Health Care,-2.4305,-0.1098622719982097,1647.0,35.71118820468344,153.0,3.3174327840416304,43.58080939999999,0.9722,-0.4,Q1 Only
15509,HSBC HLDGS PLC,40.0,Financials,29.451282051282053,-0.10802303722448,2169.0,47.0294882914137,154.0,3.3391153512575893,202934.648,57.43,1.95,Q1 Only
248136,MIZUHO FINANCIAL GROUP INC,40.0,Financials,137.75,-0.1060224273080357,3996.0,86.64353859496966,155.0,3.3607979184735473,69137.39722,5.51,0.04,Q1 Only
156384,GLOBAL INDEMNITY GROUP LLC,40.0,Financials,-114.83333333333334,-0.1032000646589705,350.0,7.588898525585429,156.0,3.3824804856895057,491.77375000000006,34.45,-0.3,Q1 Only
39556,BRILLIANT EARTH GP INC,25.0,Consumer Discretionary,-52.66666666666667,-0.0974229556832931,581.0,12.63009540329575,157.0,3.4041630529054636,22.7599,1.58,-0.03,Q1 Only
38094,SOLID POWER INC,25.0,Consumer Discretionary,-13.125,-0.0970423710627339,1114.0,24.154379878577622,158.0,3.4258456201214225,191.5704,1.05,-0.08,Q1 Only
166435,VANDA PHARMACEUTICALS INC,35.0,Health Care,-9.18,-0.0928194310816285,1285.0,27.8620988725065,159.0,3.447528187337381,270.50705999999997,4.59,-0.5,Q1 Only
33133,ARCUS BIOSCIENCES INC,35.0,Health Care,-6.885964912280702,-0.0914230103806228,1375.0,29.81352992194276,160.0,3.469210754553339,831.315,7.85,-1.14,Q1 Only
7315,SIEBERT FINANCIAL CORP,40.0,Financials,13.681818181818182,-0.0914069792039117,1940.0,42.06418039895924,161.0,3.4908933217692977,121.47758,3.01,0.22,Q1 Only
35419,DOUYU INTERNATIONAL HOLDINGS,50.0,Communication Services,-20.75,-0.0887454223245527,939.0,20.37077189939289,162.0,3.512575888985256,225.43712999999997,7.47,-0.36,Q1 Only
36536,LARIMAR THERAPEUTICS INC,35.0,Health Care,-4.673913043478261,-0.0881433818128398,1499.0,32.502168256721596,163.0,3.534258456201214,137.6602,2.15,-0.46,Q1 Only
36530,DOGWOOD THERAPEUTICS INC,35.0,Health Care,-0.5928994082840237,-0.0801452801979687,1809.0,39.22376409366869,164.0,3.5559410234171724,9.57411,5.01,-8.45,Q1 Only
4418,ENZO BIOCHEM INC,35.0,Health Care,-30.295,-0.0801069811879721,778.0,16.869037294015612,165.0,3.5776235906331313,31.7509777,0.6059,-0.02,Q1 Only
31112,OVID THRPUTCS INC,35.0,Health Care,-2.2278571428571428,-0.0782054890146227,1670.0,36.209887250650475,166.0,3.5993061578490892,22.179209,0.3119,-0.14,Q1 Only
36768,ANNEXON INC,35.0,Health Care,-5.216216216216216,-0.0780127843393494,1471.0,31.895056374674763,167.0,3.6209887250650477,211.74802,1.93,-0.37,Q1 Only
35429,RAPT THERAPEUTICS INC,35.0,Health Care,-15.25,-0.0767311403742602,1066.0,23.113616652211622,168.0,3.6426712922810056,161.04854,1.22,-0.08,Q1 Only
35881,XP INC,40.0,Financials,34.375,-0.0685247908026821,2305.0,49.98915871639202,169.0,3.6643538594969645,7306.73625,13.75,0.4,Q1 Only
122175,VIRNETX HOLDING CORP,45.0,Information Technology,-7.316831683168316,-0.063172840327193,1352.0,29.314830875975716,170.0,3.686036426712923,31.326209999999996,7.39,-1.01,Q1 Only
32525,SPERO THERAPEUTICS INC,35.0,Health Care,-2.88,-0.0602025505411213,1622.0,35.17996530789245,171.0,3.707718993928881,40.24872,0.72,-0.25,Q1 Only
176973,GREENLIGHT CAPITAL RE LTD,40.0,Financials,15.57471264367816,-0.0532864937251869,1956.0,42.41110147441457,172.0,3.7294015611448397,468.24735,13.55,0.87,Q1 Only
39241,PB BANKSHARES INC,40.0,Financials,82.24999999999999,-0.0507331328073987,3433.0,74.43625325238509,173.0,3.751084128360798,39.0523,16.45,0.2,Q1 Only
13484,SOLIGENIX INC,35.0,Health Care,-2.0283018867924527,-0.0480764265427317,1686.0,36.55680832610581,174.0,3.772766695576756,6.8456,2.15,-1.06,Q1 Only
43128,LQR HOUSE INC,50.0,Communication Services,-1.8181818181818183,-0.0478600437363323,1704.0,36.94709453599307,175.0,3.7944492627927144,7.4294,0.2,-0.11,Q1 Only
117018,CF BANKSHARES INC,40.0,Financials,32.41176470588235,-0.0477332443460364,2248.0,48.74241110147442,176.0,3.8161318300086733,141.10008,22.04,0.68,Q1 Only
33161,SUNLANDS TECHNOLOGY GROUP,25.0,Consumer Discretionary,7.103896103896103,-0.0468797866403732,1886.0,40.893321769297486,177.0,3.8378143972246317,73.94893,5.47,0.77,Q1 Only
20677,FIRST FOUNDATION INC,40.0,Financials,64.875,-0.0465723840771783,3105.0,67.32437120555073,178.0,3.8594969644405897,427.58334,5.19,0.08,Q1 Only
153616,EAGLE FINANCIAL SERVICES INC,40.0,Financials,-21.431372549019606,-0.0465054658050478,926.0,20.07805724197745,179.0,3.8811795316565476,176.37740999999997,32.79,-1.53,Q1 Only
32897,SOL GEL TECHNOLOGIES LTD,35.0,Health Care,-1.625,-0.0457022503048442,1721.0,37.315698178664356,180.0,3.902862098872507,14.48616,0.52,-0.32,Q1 Only
61055,AUBURN NATIONAL BANCORP,40.0,Financials,49.06818181818182,-0.0433598987144683,2756.0,59.757155247181274,181.0,3.924544666088465,75.43546,21.59,0.44,Q1 Only
29917,COMMERCIAL NATIONAL FINL CP,40.0,Financials,29.166666666666668,-0.0418302955747032,2161.0,46.856027753686035,182.0,3.9462272333044233,41.6325,10.5,0.36,Q1 Only
26579,BONE BIOLOGICS CORP,35.0,Health Care,-2.5,-0.0408602150537634,1641.0,35.58109280138769,183.0,3.967909800520382,2.6168,0.8,-0.32,Q1 Only
38987,JADE BIOSCIENCES INC,35.0,Health Care,-27.88888888888889,-0.0405717565423755,813.0,17.627927146574155,184.0,3.98959236773634,72.75234999999999,2.51,-0.09,Q1 Only
65136,PINNACLE BANKSHARES CORP,40.0,Financials,31.31372549019608,-0.0374667749364974,2223.0,48.20034692107546,185.0,4.011274934952298,70.81098,31.94,1.02,Q1 Only
15784,SOCIETE GENERALE GROUP,40.0,Financials,22.92820512820513,-0.0372372043201151,2038.0,44.18907198612316,186.0,4.032957502168257,35702.32101,8.942,0.39,Q1 Only
38908,VERVE THERAPEUTICS INC,35.0,Health Care,-13.05714285714286,-0.036861077596664,1116.0,24.197745013009538,187.0,4.054640069384216,405.80229,4.57,-0.35,Q1 Only
38441,DESIGN THERAPEUTIS INC,35.0,Health Care,-12.451612903225806,-0.0353917675544795,1139.0,24.69644405897658,188.0,4.076322636600174,219.12834,3.86,-0.31,Q1 Only
170430,SILO PHARMA INC,35.0,Health Care,-5.08695652173913,-0.0346983050847457,1477.0,32.025151777970514,189.0,4.098005203816132,5.24628,1.17,-0.23,Q1 Only
177856,QUAINT OAK BANCORP INC,40.0,Financials,-360.00000000000006,-0.032903525388703,116.0,2.515177797051171,190.0,4.11968777103209,28.3716,10.8,-0.03,Q1 Only
33704,FIRST WSTRN FINNCIL INC,40.0,Financials,45.69767441860465,-0.0278355297113167,2647.0,57.3937554206418,191.0,4.1413703382480485,190.6836,19.65,0.43,Q1 Only
33749,BIONANO GENOMICS INC,35.0,Health Care,-2.4260869565217393,-0.0275997908536741,1650.0,35.77623590633131,192.0,4.163052905464007,8.65179,2.79,-1.15,Q1 Only
136844,BANK OF THE JAMES FINANCIAL,40.0,Financials,77.78947368421052,-0.0274980182381395,3363.0,72.918473547268,193.0,4.184735472679965,67.14554,14.78,0.19,Q1 Only
65050,GLEN BURNIE BANCORP,40.0,Financials,101.4,-0.025051973193509,3695.0,80.11708586296618,194.0,4.206418039895923,14.70807,5.07,0.05,Q1 Only
39128,BROOKFIELD WEALTH SOLUTIONS,40.0,Financials,-31.81707317073171,-0.0248052067621388,764.0,16.565481352992194,195.0,4.228100607111882,10494.28506,52.18,-1.64,Q1 Only
26341,VOYAGER THERAPEUTICS INC,35.0,Health Care,-6.377358490566038,-0.0209958668327482,1405.0,30.464006938421512,196.0,4.24978317432784,186.60642,3.38,-0.53,Q1 Only
45151,CONTINEUM THERAPEUTICS INC,35.0,Health Care,-11.258064516129034,-0.0208228422709115,1189.0,25.7805724197745,197.0,4.271465741543799,180.57958,6.98,-0.62,Q1 Only
31774,BRIGHTHOUSE FINANL INC,40.0,Financials,-11.50595238095238,-0.0184558386916708,1178.0,25.54206418039896,198.0,4.293148308759758,3355.7653200000004,57.99,-5.04,Q1 Only
186838,NEW PEOPLES BANKSHARES INC,40.0,Financials,35.75,-0.0178010030122157,2348.0,50.92150910667823,199.0,4.314830875975716,67.60182,2.86,0.08,Q1 Only
170396,CUSTOMERS BANCORP INC,40.0,Financials,167.33333333333334,-0.0176795443116465,4148.0,89.93928881179531,200.0,4.336513443191674,1580.2458,50.2,0.3,Q1 Only
141667,PACIFIC FINANCIAL CORP,40.0,Financials,45.41666666666667,-0.017398309555042,2636.0,57.16608846487424,201.0,4.358196010407632,109.218,10.9,0.24,Q1 Only
28022,BANCFIRST CORP/OK,40.0,Financials,65.01183431952663,-0.0168272926698178,3109.0,67.41110147441456,202.0,4.3798785776235905,3652.29854,109.87,1.69,Q1 Only
109599,HERITAGE COMMERCE CORP,40.0,Financials,50.10526315789473,-0.0162519288643706,2784.0,60.3642671292281,203.0,4.401561144839549,586.53672,9.52,0.19,Q1 Only
318525,MOLECULAR PARTNERS AG,35.0,Health Care,-7.608039215686275,-0.0162096061798315,1339.0,29.032957502168255,204.0,4.423243712055507,143.0786875,3.8801,-0.51,Q1 Only
117845,MISSION BANCORP/CA,40.0,Financials,34.82592592592592,-0.0156453283722783,2319.0,50.281873373807464,205.0,4.444926279271465,249.55562,94.03,2.7,Q1 Only
15576,DEUTSCHE BANK AG,40.0,Financials,21.862385321100913,-0.0137977022090322,2023.0,43.86383347788378,206.0,4.466608846487424,46277.85999999999,23.83,1.09,Q1 Only
32640,INFLARX NV,35.0,Health Care,-7.285714285714286,-0.0119436350101031,1353.0,29.336513443191674,207.0,4.488291413703383,69.10194,1.02,-0.14,Q1 Only
176203,SUMMIT BANK GROUP INC,40.0,Financials,39.473684210526315,-0.0104369895754669,2453.0,53.18733738074588,208.0,4.509973980919341,115.785,15.0,0.38,Q1 Only
165630,SUMMIT STATE BANK,40.0,Financials,24.945945945945947,-0.0092689796428877,2067.0,44.81786643538595,209.0,4.5316565481353,62.55171000000001,9.23,0.37,Q1 Only
17245,TRUSTCO BANK CORP/NY,40.0,Financials,40.64,-0.008804607366517,2493.0,54.05464006938422,210.0,4.553339115351258,579.7296,30.48,0.75,Q1 Only
164395,OP BANCORP,40.0,Financials,32.486486486486484,-0.0077974318048238,2252.0,48.82914137033825,211.0,4.575021682567216,179.26628,12.02,0.37,Q1 Only
40855,ECB BANCORP INC,40.0,Financials,94.6875,-0.0076439669437422,3596.0,77.9705117085863,212.0,4.5967042497831745,137.10750000000002,15.15,0.16,Q1 Only
10916,UMB FINANCIAL CORP,40.0,Financials,82.8688524590164,-0.0068613228028027,3443.0,74.65307892454467,213.0,4.618386816999133,7675.2087,101.1,1.22,Q1 Only
29517,MEDIFAST INC,30.0,Consumer Staples,-192.57142857142856,-0.0065151726182185,220.0,4.770164787510842,214.0,4.640069384215091,148.15868,13.48,-0.07,Q1 Only
179288,DALLASNEWS CORP,50.0,Communication Services,0.8636363636363635,-0.0058838633445811,1833.0,39.74414570685169,215.0,4.661751951431049,24.40512,4.56,5.28,Q1 Only
187164,HOMESTREET INC,40.0,Financials,-48.91666666666667,-0.0038481394109998,609.0,13.204683434518646,216.0,4.683434518647007,222.13254,11.74,-0.24,Q1 Only
38979,NAUTILUS BIOTECHNOLOGY INC,35.0,Health Care,-6.623076923076923,-0.003757617813694,1386.0,30.0520381613183,217.0,4.705117085862966,108.613428,0.861,-0.13,Q1 Only
179234,SOUND FINANCIAL BANCORP INC,40.0,Financials,111.44444444444444,-0.0026273258347939,3797.0,82.32870771899393,218.0,4.726799653078925,128.6849,50.15,0.45,Q1 Only
66355,FIRST NATIONAL CORP/VA,40.0,Financials,124.72222222222224,-0.002101880348942,3913.0,84.8438855160451,219.0,4.748482220294883,201.75815,22.45,0.18,Q1 Only
34992,ALPINE BKS COLO,40.0,Financials,17.91907514450867,-0.0020674692070275,1985.0,43.03989592367736,220.0,4.770164787510842,255.967,31.0,1.73,Q1 Only
41241,HANOVER BANCORP INC,40.0,Financials,109.65,-0.001479642177465,3777.0,81.89505637467475,221.0,4.7918473547268,156.84336,21.93,0.2,Q1 Only
38960,QUANTUM SI INC,35.0,Health Care,-10.909090909090908,-0.0012838191592128,1207.0,26.17085862966175,222.0,4.813529921942758,220.1988,1.2,-0.11,Q1 Only
164724,MAINSTREET BANCSHARES INC,40.0,Financials,66.88,-0.0007683126803713,3150.0,68.30008673026886,223.0,4.8352124891587165,128.79416,16.72,0.25,Q1 Only
181775,CIBL INC,50.0,Communication Services,304.54545454545456,-0.0007197290431837,4393.0,95.25151777970513,224.0,4.856895056374675,20.1,1675.0,5.5,Q1 Only
38804,ZYVERSA THERAPEUTICS INC,35.0,Health Care,-0.861095890410959,0.0001069665491279,1787.0,38.7467476149176,225.0,4.878577623590633,1.6142448000000005,0.6286,-0.73,Q1 Only
25476,BAYFIRST FINANCIAL CORP,40.0,Financials,-98.41176470588236,0.0030180338819326,385.0,8.347788378143973,226.0,4.900260190806591,69.07817,16.73,-0.17,Q1 Only
39057,MONTE ROSA THERAPEUTICS INC,35.0,Health Care,8.140350877192983,0.0030427340863021,1894.0,41.06678230702515,227.0,4.921942758022549,285.40639999999996,4.64,0.57,Q1 Only
6742,LINCOLN NATIONAL CORP,40.0,Financials,-8.142857142857142,0.0036502082800119,1324.0,28.707718993928882,228.0,4.943625325238508,6129.657449999999,35.91,-4.41,Q1 Only
20422,HERITAGE INSURANCE HOLDINGS,40.0,Financials,14.565656565656566,0.0045253597108486,1945.0,42.17259323503903,229.0,4.965307892454467,446.91906,14.42,0.99,Q1 Only
37786,BOLT BIOTHRPTCS INC,35.0,Health Care,-1.3793103448275863,0.0049265099811325,1743.0,37.79271465741544,230.0,4.986990459670425,15.336000000000002,0.4,-0.29,Q1 Only
154499,BANK OF BOTETOURT BUCHANAN,40.0,Financials,34.03061224489796,0.0050167208621355,2296.0,49.78317432784042,231.0,5.008673026886384,65.49940000000001,33.35,0.98,Q1 Only
60990,BNCCORP INC,40.0,Financials,64.0,0.0053239531334867,3082.0,66.86903729401561,232.0,5.030355594102342,108.0,32.0,0.5,Q1 Only
107843,MARKER THERAPEUTICS INC,35.0,Health Care,-3.0749999999999997,0.0059701053374918,1605.0,34.80052038161318,233.0,5.0520381613183,13.79445,1.23,-0.4,Q1 Only
162307,CALIFORNIA BANCRP,40.0,Financials,27.557692307692307,0.0062965335957761,2118.0,45.923677363399825,234.0,5.0737207285342585,464.32066,14.33,0.52,Q1 Only
161942,BANKFINANCIAL CORP,40.0,Financials,74.35294117647058,0.0086643492466998,3311.0,71.79098005203815,235.0,5.095403295750217,157.50704000000002,12.64,0.17,Q1 Only
161023,BAYCOM CORP,40.0,Financials,49.352941176470594,0.0088097034165718,2768.0,60.01734605377277,236.0,5.117085862966175,279.13530000000003,25.17,0.51,Q1 Only
22975,FIRST NORTHWEST BANCRP,40.0,Financials,59.764705882352935,0.0088809839967285,3008.0,65.22116218560278,237.0,5.138768430182133,89.65183999999999,10.16,0.17,Q1 Only
117034,FIRST CAPITAL INC,40.0,Financials,39.329896907216494,0.0092675568817113,2448.0,53.07892454466609,238.0,5.160450997398092,127.87879999999998,38.15,0.97,Q1 Only
29944,BENCHMARK BANKSHARES INC,40.0,Financials,24.194174757281555,0.0094669676275041,2056.0,44.57935819601041,239.0,5.182133564614051,111.29272000000002,24.92,1.03,Q1 Only
15634,NATWEST GROUP PLC,40.0,Financials,29.799999999999997,0.0099672915801431,2178.0,47.22463139635733,240.0,5.203816131830009,48079.32,11.92,0.4,Q1 Only
32894,SOLID BIOSCIENCES INC,35.0,Health Care,-6.271186440677967,0.0099798199497533,1411.0,30.59410234171726,241.0,5.225498699045967,286.7241,3.7,-0.59,Q1 Only
143153,SHORE BANCSHARES INC,40.0,Financials,33.02439024390244,0.0101800888293376,2264.0,49.08933217692975,242.0,5.247181266261925,451.88396,13.54,0.41,Q1 Only
183582,MERCHANTS & MARINE BANCORP,40.0,Financials,101.1904761904762,0.0102783338856374,3692.0,80.0520381613183,243.0,5.268863833477884,56.525000000000006,42.5,0.42,Q1 Only
29466,FIRST BANCSHARES INC/MO,40.0,Financials,35.21126760563381,0.0107886171073959,2330.0,50.520381613183,244.0,5.2905464006938425,61.05,25.0,0.71,Q1 Only
113339,UWHARRIE CAPITAL CORP,40.0,Financials,24.264999999999997,0.0110100628411848,2058.0,44.62272333044233,245.0,5.3122289679098005,58.2622062,8.2501,0.34,Q1 Only
65162,LINKBANCORP INC,40.0,Financials,16.53658536585366,0.0116065189725766,1970.0,42.71465741543799,246.0,5.333911535125759,253.41606,6.78,0.41,Q1 Only
66313,OLD POINT FINANCIAL CORP,40.0,Financials,71.28571428571429,0.0116807995655374,3238.0,70.2081526452732,247.0,5.355594102341717,152.8437,29.94,0.42,Q1 Only
2002,POPULAR INC,40.0,Financials,36.08203125,0.0119839652302475,2356.0,51.08412836079792,248.0,5.377276669557675,6372.0520799999995,92.37,2.56,Q1 Only
32665,MERIDIAN CORP,40.0,Financials,68.57142857142857,0.0123701547030633,3188.0,69.12402428447528,249.0,5.398959236773634,162.50400000000002,14.4,0.21,Q1 Only
18182,FIDELITY D & D BANCORP INC,40.0,Financials,40.00961538461538,0.0129131231766194,2468.0,53.51257588898526,250.0,5.420641803989593,240.00648,41.61,1.04,Q1 Only
12035,RBB BANCORP,40.0,Financials,126.92307692307692,0.0132864019554048,3935.0,85.32090199479619,251.0,5.442324371205551,292.69350000000003,16.5,0.13,Q1 Only
158354,GENWORTH FINANCIAL INC,40.0,Financials,50.64285714285714,0.0132894254836343,2801.0,60.73287077189939,252.0,5.464006938421509,2948.5821100000003,7.09,0.14,Q1 Only
160423,BANKWELL FINANCIAL GROUP INC,40.0,Financials,34.29545454545455,0.0133939300095826,2304.0,49.956634865568084,253.0,5.485689505637467,238.05984,30.18,0.88,Q1 Only
66597,FIRST US BANCSHARES INC,40.0,Financials,44.53333333333333,0.0134707049984604,2618.0,56.76496097137901,254.0,5.507372072853426,76.67304,13.36,0.3,Q1 Only
10380,SUNLINK HEALTH SYSTEMS INC,35.0,Health Care,-11.11111111111111,0.0139063751859906,1196.0,25.932350390286206,255.0,5.5290546400693845,7.041,1.0,-0.09,Q1 Only
143356,PRUDENTIAL FINANCIAL INC,40.0,Financials,56.69035532994924,0.0141756261785402,2953.0,64.02862098872507,256.0,5.5507372072853425,39535.50176000001,111.68,1.97,Q1 Only
31358,FARMERS & MERCHANTS BANCORP,40.0,Financials,30.417579075425788,0.0163444731923667,2195.0,47.59323503902862,257.0,5.572419774501301,700.091,1000.13,32.88,Q1 Only
162825,HOME FEDERAL BANCORP INC/LA,40.0,Financials,54.37500000000001,0.016564803816508,2903.0,62.944492627927154,258.0,5.594102341717259,40.70295000000001,13.05,0.24,Q1 Only
144122,MVB FINANCIAL CORP,40.0,Financials,61.857142857142854,0.0168033971732831,3055.0,66.24024284475281,259.0,5.615784908933217,224.294,17.32,0.28,Q1 Only
17534,CNB FINANCIAL CORP/PA,40.0,Financials,44.5,0.0170091118937502,2615.0,56.69991326973114,260.0,5.637467476149176,466.805,22.25,0.5,Q1 Only
157498,PCB BANCORP,40.0,Financials,35.30188679245283,0.0172226563702391,2335.0,50.62879444926279,261.0,5.659150043365135,269.18077,18.71,0.53,Q1 Only
39561,JACKSON FINANCIAL INC,40.0,Financials,-174.54166666666669,0.0176685400360032,243.0,5.268863833477884,262.0,5.680832610581093,6022.022620000001,83.78,-0.48,Q1 Only
35255,STOKE THERAPEUTICS INC,35.0,Health Care,3.4102564102564106,0.0185269656514815,1858.0,40.28620988725065,263.0,5.702515177797051,363.0634,6.65,1.95,Q1 Only
19295,AUTOHOME INC,50.0,Communication Services,71.07692307692307,0.0189961558384907,3233.0,70.09973980919341,264.0,5.724197745013009,3112.87284,27.72,0.39,Q1 Only
66504,COLONY BANKCORP INC,40.0,Financials,42.49999999999999,0.0192725954300757,2555.0,55.409800520381616,265.0,5.745880312228968,282.3343,16.15,0.38,Q1 Only
26179,SMARTFINANCIAL INC,40.0,Financials,46.38805970149253,0.0195770082774355,2670.0,57.89245446660885,266.0,5.7675628794449265,528.91944,31.08,0.67,Q1 Only
63058,SB FINANCIAL GROUP INC,40.0,Financials,63.090909090909086,0.0197330583170442,3070.0,66.5654813529922,267.0,5.7892454466608845,136.32936,20.82,0.33,Q1 Only
39376,CATALYST BANCORP INC,40.0,Financials,72.8125,0.0198661503121686,3271.0,70.92367736339983,268.0,5.810928013876843,45.7146,11.65,0.16,Q1 Only
161793,FREEDOM FINANCIAL HLDNGS INC,40.0,Financials,35.357142857142854,0.0208025187059381,2338.0,50.693842150910676,269.0,5.832610581092801,67.9833,9.9,0.28,Q1 Only
163924,JAMES RIVER GROUP HLDGS LTD,40.0,Financials,21.0,0.0221986799393414,2014.0,43.668690372940155,270.0,5.85429314830876,192.7506,4.2,0.2,Q1 Only
34883,PRECISION BIOSCIENCES,35.0,Health Care,-2.158371040723982,0.022857544750866,1677.0,36.361665221162184,271.0,5.875975715524718,50.318729999999995,4.77,-2.21,Q1 Only
111640,CONSUMERS BANCORP INC,40.0,Financials,33.28813559322034,0.0238827133216731,2275.0,49.32784041630529,272.0,5.897658282740677,61.51248,19.64,0.59,Q1 Only
266160,CITIZENS COMMUNITY BANCORP,40.0,Financials,44.9375,0.0244146647992121,2626.0,56.938421509106675,273.0,5.919340849956635,143.6562,14.38,0.32,Q1 Only
50526,MBX BIOSCIENCES INC,35.0,Health Care,-10.3943661971831,0.0244509323942974,1228.0,26.62619254119688,274.0,5.941023417172593,246.66912,7.38,-0.71,Q1 Only
35101,SOUTH PLAINS FINANCIAL INC,40.0,Financials,44.16,0.0253872903646569,2609.0,56.56981786643539,275.0,5.962705984388552,537.73632,33.12,0.75,Q1 Only
25481,NATIONAL BANKSHARES INC VA,40.0,Financials,52.2156862745098,0.0255549684401244,2852.0,61.838681699913266,276.0,5.9843885516045106,169.44669000000002,26.63,0.51,Q1 Only
31764,BANK OF MARIN BANCORP,40.0,Financials,71.19354838709677,0.0258112943592681,3235.0,70.14310494362532,277.0,6.0060711188204685,357.60021,22.07,0.31,Q1 Only
107644,FINWARD BANCORP,40.0,Financials,264.54545454545456,0.0262102432007624,4359.0,94.51431049436253,278.0,6.0277536860364265,125.8284,29.1,0.11,Q1 Only
112159,SKYLINE BANKSHARES INC,40.0,Financials,19.671875,0.0265878810833097,1996.0,43.27840416305291,279.0,6.049436253252384,71.15868,12.59,0.64,Q1 Only
62365,FIRST NORTHN CMNTY BANCORP,40.0,Financials,44.26086956521739,0.0267231646851841,2610.0,56.59150043365134,280.0,6.071118820468343,161.84163999999998,10.18,0.23,Q1 Only
19647,LENDINGCLUB CORP,40.0,Financials,103.2,0.0270788324365244,3712.0,80.48568950563747,281.0,6.092801387684302,1178.544,10.32,0.1,Q1 Only
119154,GOUVERNEUR BANCORP INC,40.0,Financials,113.63636363636364,0.0271164456784431,3818.0,82.79488291413703,282.0,6.11448395490026,13.225,12.5,0.11,Q1 Only
18035,EXCHANGE BK SANTA ROSA CALIF,40.0,Financials,33.333333333333336,0.0272129828694856,2277.0,49.38204683434519,283.0,6.136166522116219,186.826,109.0,3.27,Q1 Only
17269,AMERISERV FINANCIAL INC/PA,40.0,Financials,20.250000000000004,0.0280408641419913,2006.0,43.49522983521249,284.0,6.157849089332177,40.141169999999995,2.43,0.12,Q1 Only
16829,PINNACLE BANCSHARES,40.0,Financials,26.99115044247788,0.0283651509892398,2102.0,45.57675628794449,285.0,6.179531656548135,27.45,30.5,1.13,Q1 Only
63402,CROGHAN BANCSHARES INC,40.0,Financials,36.10236220472441,0.0292882477787578,2357.0,51.105810928013874,286.0,6.201214223764094,94.22175,45.85,1.27,Q1 Only
45796,NORTHPOINTE BANCSHARES INC,40.0,Financials,28.88,0.0296962193166662,2157.0,46.769297484822204,287.0,6.2228967909800526,495.50859999999994,14.44,0.5,Q1 Only
105394,PAYSIGN INC,40.0,Financials,42.4,0.0298986924599499,2551.0,55.3122289679098,288.0,6.2445793581960105,114.79376,2.12,0.05,Q1 Only
27215,F&G ANNUITIES & LIFE INC,40.0,Financials,-180.24999999999997,0.0301588208892474,233.0,5.0520381613183,289.0,6.2662619254119685,4856.187349999999,36.05,-0.2,Q1 Only
264485,EQB INC,40.0,Financials,38.83870967741935,0.0302307784907013,2436.0,52.818733738074584,290.0,6.287944492627926,4165.68348,108.36,2.79,Q1 Only
165923,PERION NETWORK LTD,50.0,Communication Services,-42.8421052631579,0.0305674792489781,659.0,14.288811795316567,291.0,6.309627059843885,364.8755000000001,8.14,-0.19,Q1 Only
35078,RED RIVER BANCSHARES INC,40.0,Financials,33.75816993464052,0.0307330267835622,2289.0,49.631396357328704,292.0,6.331309627059845,350.08369999999996,51.65,1.53,Q1 Only
16668,ARROW FINANCIAL CORP,40.0,Financials,69.18421052631578,0.0307511432639863,3197.0,69.31916738941891,293.0,6.352992194275803,438.25430000000006,26.29,0.38,Q1 Only
66697,INOVIO PHARMACEUTICALS INC,35.0,Health Care,-3.1960784313725488,0.0307955495972408,1595.0,34.5836947094536,294.0,6.374674761491761,59.77862,1.63,-0.51,Q1 Only
66286,TIMBERLAND BANCORP INC,40.0,Financials,35.470588235294116,0.030930057483456,2342.0,50.78057241977451,295.0,6.396357328707719,238.27545,30.15,0.85,Q1 Only
23547,DACOTAH BANKS INC,40.0,Financials,29.043478260869566,0.0310424950306297,2159.0,46.81266261925412,296.0,6.418039895923677,371.9758,33.4,1.15,Q1 Only
31718,AMES NATIONAL CORP,40.0,Financials,44.92307692307692,0.0316932389564953,2625.0,56.91673894189072,297.0,6.439722463139636,156.20832,17.52,0.39,Q1 Only
6333,KANSAS CITY LIFE INS CO,40.0,Financials,172.42105263157893,0.0320769502131781,4164.0,90.28620988725065,298.0,6.461405030355594,317.21508,32.76,0.19,Q1 Only
38634,FIVE STAR BANCORP,40.0,Financials,44.83870967741936,0.0321199927350798,2624.0,56.89505637467476,299.0,6.483087597571552,592.9462,27.8,0.62,Q1 Only
19137,OHIO VALLEY BANC CORP,40.0,Financials,27.712765957446813,0.0330668063353171,2123.0,46.03209019947962,300.0,6.504770164787511,122.72155,26.05,0.94,Q1 Only
62123,PATHFINDER BANCORP INC,40.0,Financials,33.55102040816327,0.0331292277259239,2285.0,49.54466608846487,301.0,6.526452732003469,101.00736,16.44,0.49,Q1 Only
32767,EQUITABLE HOLDINGS INC,40.0,Financials,325.5625,0.0333174512294426,4408.0,95.57675628794449,302.0,6.548135299219428,15957.302690000002,52.09,0.16,Q1 Only
150306,TEXAS CAPITAL BANCSHARES INC,40.0,Financials,80.3225806451613,0.0333415307472022,3404.0,73.8074588031223,303.0,6.569817866435386,3438.0675,74.7,0.93,Q1 Only
15580,BANK OF MONTREAL,40.0,Financials,51.643734919477026,0.035094744565167,2834.0,61.44839549002602,304.0,6.591500433651344,95378.35839,132.09,2.51,Both (Averaged)
187236,MIDLAND STATES BANCORP INC,40.0,Financials,30.03508771929825,0.0356843891182773,2184.0,47.35472679965308,305.0,6.613183000867302,368.13136,17.12,0.57,Q1 Only
39869,ENTRADA THERAPUTIS INC,35.0,Health Care,-21.52380952380952,0.035926895097219,925.0,20.056374674761493,306.0,6.634865568083261,342.99568,9.04,-0.42,Q1 Only
27699,ENTERO THERAPEUTICS INC,35.0,Health Care,-1.7146428571428571,0.0359743274963616,1714.0,37.163920208152646,307.0,6.65654813529922,2.2881566,0.4801,-0.28,Q1 Only
23980,ASTRIA THERAPEUTICS INC,35.0,Health Care,-9.20689655172414,0.0365883880446022,1284.0,27.840416305290542,308.0,6.678230702515179,301.35756,5.34,-0.58,Q1 Only
63178,PROVIDENT FINANCIAL HOLDINGS,40.0,Financials,52.107142857142854,0.0366351314891523,2847.0,61.73026886383348,309.0,6.6999132697311365,97.08186,14.59,0.28,Q1 Only
196256,PRIVATE BANCORP OF AMERICA,40.0,Financials,30.005464480874313,0.0383346188065197,2183.0,47.333044232437125,310.0,6.7215958369470945,317.87399,54.91,1.83,Q1 Only
161005,UNITED BANCORPORATION ALA IN,40.0,Financials,37.67605633802817,0.0387270286223704,2406.0,52.16825672159584,311.0,6.7432784041630525,180.509,53.5,1.42,Q1 Only
16989,PEOPLES BANCORP NC INC,40.0,Financials,33.21951219512195,0.0387511761769891,2271.0,49.24111014744146,312.0,6.764960971379011,148.70315999999997,27.24,0.82,Q1 Only
18008,ENB FINANCIAL CORP,40.0,Financials,20.894736842105264,0.040433286792254,2012.0,43.62532523850824,313.0,6.786643538594969,89.80140000000002,15.88,0.76,Q1 Only
61815,BROADWAY FINANCIAL CORP/DE,40.0,Financials,-51.21428571428571,0.0409688921987003,592.0,12.836079791847354,314.0,6.808326105810927,66.18627,7.17,-0.14,Q1 Only
29499,AFFINITY BANCSHARES INC,40.0,Financials,61.24137931034484,0.041742385720047,3040.0,65.91500433651343,315.0,6.830008673026887,112.79376,17.76,0.29,Q1 Only
16384,VOYA FINANCIAL INC,40.0,Financials,46.73103448275862,0.0417528168344007,2682.0,58.15264527320034,316.0,6.851691240242845,6522.374320000001,67.76,1.45,Q1 Only
110103,POTOMAC BANCSHARES INC,40.0,Financials,30.471698113207545,0.0418160572498584,2198.0,47.6582827406765,317.0,6.873373807458803,66.94174999999998,16.15,0.53,Q1 Only
18619,VERSABANK,40.0,Financials,71.03571428571428,0.0424881932493545,3232.0,70.07805724197745,318.0,6.895056374674762,646.80291,19.89,0.28,Q1 Only
20299,LIVE OAK BANCSHARES INC,40.0,Financials,126.95238095238096,0.0427461056816182,3936.0,85.34258456201215,319.0,6.91673894189072,1215.4294,26.66,0.21,Q1 Only
12915,ORASURE TECHNOLOGIES INC,35.0,Health Care,-16.047619047619047,0.0431968479503154,1046.0,22.679965307892456,320.0,6.938421509106678,253.13418,3.37,-0.21,Q1 Only
66201,KISH BANCORP INC,40.0,Financials,26.859504132231407,0.0438410732865618,2100.0,45.533391153512575,321.0,6.960104076322636,96.785,32.5,1.21,Q1 Only
43009,SR BANCORP INC,40.0,Financials,198.83333333333337,0.0440941813397249,4244.0,92.02081526452733,322.0,6.981786643538595,109.57705,11.93,0.06,Q1 Only
65924,CSB BANCORP INC/OH,40.0,Financials,32.11678832116788,0.0442944593973609,2239.0,48.54726799653079,323.0,7.003469210754554,116.248,44.0,1.37,Q1 Only
34338,RHINEBECK BANCORP INC,40.0,Financials,46.85714285714286,0.0443074262455371,2689.0,58.30442324371206,324.0,7.025151777970512,106.16376,9.84,0.21,Q1 Only
25327,PROVIDENT BANCORP INC,40.0,Financials,88.3076923076923,0.0450192154732824,3519.0,76.3009540329575,325.0,7.04683434518647,194.94188000000003,11.48,0.13,Q1 Only
18275,CASHMERE VALLEY BANK,40.0,Financials,38.48484848484848,0.0453895469667507,2431.0,52.7103209019948,326.0,7.068516912402428,247.523,63.5,1.65,Q1 Only
61067,GRUPO CIBEST SA,40.0,Financials,10.953678474114442,0.0458175719851453,1917.0,41.565481352992194,327.0,7.090199479618386,4543.846200000001,40.2,3.67,Q1 Only
66235,HOPE BANCORP INC,40.0,Financials,61.588235294117645,0.0459926011447175,3048.0,66.08846487424111,328.0,7.111882046834345,1267.65525,10.47,0.17,Q1 Only
19977,ENERGOUS CORP,20.0,Industrials,-2.2725,0.0461122673245122,1668.0,36.16652211621856,329.0,7.133564614050305,8.8338438,0.2727,-0.12,Q1 Only
20109,CAPITAL CITY BK GROUP INC,40.0,Financials,36.323232323232325,0.046481499621293,2366.0,51.3009540329575,330.0,7.155247181266263,613.2978,35.96,0.99,Q1 Only
39417,SURROZEN INC,35.0,Health Care,-1.569313593539704,0.0468061204051241,1724.0,37.380745880312226,331.0,7.1769297484822205,99.0517,11.66,-7.43,Q1 Only
177425,NORTH ARROW MINERALS INC,15.0,Materials,-3.375,0.0481989977030695,1577.0,34.193408499566345,332.0,7.1986123156981785,3.8583,0.135,-0.04,Q1 Only
109183,PREFERRED BANK LOS ANGELES,40.0,Financials,36.85462555066079,0.0487068054892809,2378.0,51.561144839549,333.0,7.220294882914137,1098.4558,83.66,2.27,Q1 Only
8702,POWER CORP CANADA,40.0,Financials,47.55140186915888,0.048846378205878,2710.0,58.759757155247186,334.0,7.241977450130095,32698.642560000004,50.88,1.07,Q1 Only
133768,METLIFE INC,40.0,Financials,62.24031007751938,0.0502774528850121,3060.0,66.34865568083261,335.0,7.263660017346053,54058.77526,80.29,1.29,Q1 Only
124597,KATAHDIN BANKSHARES CORP,40.0,Financials,31.906666666666663,0.0511669928516899,2231.0,48.37380745880312,336.0,7.285342584562011,75.92989,23.93,0.75,Q1 Only
35948,CONNEXA SPORTS TECHNOLOG INC,25.0,Consumer Discretionary,40.5,0.0522225297086114,2489.0,53.96790980052039,337.0,7.307025151777971,5.898015000000001,0.405,0.01,Q1 Only
106373,F & M BANK CORP,40.0,Financials,27.585714285714285,0.0524485523476956,2119.0,45.94535993061579,338.0,7.328707718993929,68.82083999999999,19.31,0.7,Q1 Only
21633,VERITEX HOLDINGS INC,40.0,Financials,47.11320754716981,0.0525075608291261,2698.0,58.499566348655684,339.0,7.350390286209888,1355.7960899999998,24.97,0.53,Q1 Only
41755,OAKWORTH CAPITAL INC,40.0,Financials,31.596534653465348,0.0525583622102178,2226.0,48.26539462272333,340.0,7.372072853425846,158.2540875,31.9125,1.01,Q1 Only
27886,UNITED BANCORP INC/OH,40.0,Financials,41.9375,0.0525601524532281,2535.0,54.96530789245446,341.0,7.393755420641804,80.06372,13.42,0.32,Q1 Only
145701,PRINCIPAL FINANCIAL GRP INC,40.0,Financials,401.7619047619048,0.05277384500419,4460.0,96.70424978317432,342.0,7.415437987857762,18980.88764,84.37,0.21,Q1 Only
111721,EAGLE BANCORP INC/MD,40.0,Financials,350.0,0.0528492463923347,4425.0,95.94535993061578,343.0,7.4371205550737205,637.749,21.0,0.06,Q1 Only
21040,SURGE COMPONENTS INC,45.0,Information Technology,229.99999999999997,0.0528659611992945,4309.0,93.43018213356461,344.0,7.458803122289679,12.8409,2.3,0.01,Q1 Only
133764,EAGLE BANCORP MONTANA INC,40.0,Financials,40.87804878048781,0.0530974288647472,2502.0,54.24978317432784,345.0,7.480485689505638,133.69452,16.76,0.41,Q1 Only
34189,CAPITAL BANCORP INC,40.0,Financials,33.726190476190474,0.0531093033773607,2287.0,49.58803122289679,346.0,7.502168256721596,471.89281,28.33,0.84,Q1 Only
39902,THIRD COAST BANCSHARES INC,40.0,Financials,37.077777777777776,0.0538607744473185,2384.0,51.69124024284475,347.0,7.523850823937554,461.37362,33.37,0.9,Q1 Only
12407,U S GLOBAL INVESTORS INC,40.0,Financials,-75.33333333333333,0.0540776898150046,456.0,9.887250650477016,348.0,7.545533391153512,29.88172,2.26,-0.03,Q1 Only
110359,FIRST CITIZENS BANCSHRS INC,40.0,Financials,49.82142857142858,0.054102387245766,2778.0,60.23417172593235,349.0,7.567215958369471,269.3745,69.75,1.4,Q1 Only
164934,LEDYARD FINANCIAL GROUP INC,40.0,Financials,43.05555555555556,0.0542299916609483,2577.0,55.87597571552472,350.0,7.588898525585429,52.8705,15.5,0.36,Q1 Only
34065,SUTRO BIOPHARMA INC,35.0,Health Care,-0.7149450549450549,0.0547660747285566,1801.0,39.05030355594102,351.0,7.610581092801387,54.8774594,0.6506,-0.91,Q1 Only
109198,OREGON PACIFIC BANCORP,40.0,Financials,33.375,0.0554050760504896,2280.0,49.43625325238508,352.0,7.632263660017347,57.38363999999999,8.01,0.24,Q1 Only
32792,QUANTERIX CORP,35.0,Health Care,-12.283018867924527,0.055797832095876,1143.0,24.783174327840417,353.0,7.6539462272333045,252.59451,6.51,-0.53,Q1 Only
31385,JUNIATA VALLEY FINANCIAL CP,40.0,Financials,30.625,0.056146202548691,2202.0,47.75585429314831,354.0,7.675628794449263,61.45825000000001,12.25,0.4,Q1 Only
121073,AMERICAN BUSINESS BANK/CA,40.0,Financials,34.875,0.0564660016108144,2321.0,50.32523850823938,355.0,7.697311361665221,404.70624,44.64,1.28,Q1 Only
18695,CB FINANCIAL SERVICES INC,40.0,Financials,76.89189189189189,0.0564846884572242,3352.0,72.67996530789246,356.0,7.718993928881179,145.06655,28.45,0.37,Q1 Only
264309,FIRST RELIANCE BANCSHARS INC,40.0,Financials,45.0,0.0566915195978818,2628.0,56.98178664353859,357.0,7.740676496097137,75.38265,9.45,0.21,Q1 Only
15633,ROYAL BANK OF CANADA,40.0,Financials,50.05084745762712,0.0567189636453424,2783.0,60.34258456201215,358.0,7.762359063313095,250333.72404,177.18,3.54,Q1 Only
124042,MANULIFE FINANCIAL CORP,40.0,Financials,179.36,0.0569727883531787,4193.0,90.91500433651343,359.0,7.784041630529055,77035.12000000001,44.84,0.25,Q1 Only
111872,PBCO FINANCIAL CORPORATION,40.0,Financials,39.05405405405405,0.0573051540298948,2442.0,52.94882914137033,360.0,7.805724197745014,76.5561,14.45,0.37,Q1 Only
25935,GULF RESOURCES INC,15.0,Materials,-1.7599999999999998,0.0573118204308212,1710.0,37.077189939288814,361.0,7.827406764960972,9.396287999999998,0.704,-0.4,Q1 Only
63224,COMMUNITY WEST BANCSHARES,40.0,Financials,42.0,0.0573741474312752,2536.0,54.98699045967042,362.0,7.84908933217693,352.24728,18.48,0.44,Q1 Only
162293,FIRST INTERNET BANCORP,40.0,Financials,243.45454545454547,0.0578780499308907,4332.0,93.92888117953166,363.0,7.870771899392888,232.90566,26.78,0.11,Q1 Only
61796,SOUTHERN MICH BANCORP INC,40.0,Financials,28.787878787878785,0.0581488050449675,2155.0,46.72593235039029,364.0,7.8924544666088465,88.008,19.0,0.66,Q1 Only
107817,PEAPACK-GLADSTONE FINAN CORP,40.0,Financials,66.04651162790698,0.0582308193126135,3133.0,67.93148308759757,365.0,7.9141370338248045,503.4184,28.4,0.43,Q1 Only
161940,PACIFIC VALLEY BANCORP,40.0,Financials,51.05263157894736,0.0584275540675693,2815.0,61.03642671292281,366.0,7.935819601040764,47.927699999999994,9.7,0.19,Q1 Only
125580,SOUTHERN FIRST BANKSHARES,40.0,Financials,50.64615384615384,0.0587311425337703,2802.0,60.75455333911535,367.0,7.957502168256722,268.92348000000004,32.92,0.65,Q1 Only
29061,RIVERVIEW BANCORP INC,40.0,Financials,113.0,0.0588773183253013,3813.0,82.67562879444927,368.0,7.97918473547268,118.5144,5.65,0.05,Q1 Only
112295,FIRST COMMUNITY CORP/SC,40.0,Financials,43.38461538461538,0.0592344011952704,2584.0,56.027753686036434,369.0,8.000867302688638,173.30592,22.56,0.52,Q1 Only
41084,COREBRIDGE FINANCIAL INC,40.0,Financials,-26.529411764705884,0.0593594547999856,835.0,18.104943625325237,370.0,8.022549869904596,17461.493280000002,31.57,-1.19,Q1 Only
116675,ORANGE COUNTY BANCORP INC,40.0,Financials,30.376623376623375,0.0594531835908204,2193.0,47.549869904596704,371.0,8.044232437120554,266.27176000000003,23.39,0.77,Q1 Only
162814,GRAVITY CO LTD -ADR,50.0,Communication Services,28.13953488372093,0.0597053856887253,2134.0,46.27059843885516,372.0,8.065915004336514,420.4145,60.5,2.15,Q1 Only
109981,SECURITY FEDERAL CORP,40.0,Financials,36.79703703703703,0.059967694490056,2375.0,51.49609713790113,373.0,8.087597571552472,94.9904472,29.8056,0.81,Q1 Only
170419,HOMETRUST BANCSHARES INC,40.0,Financials,40.80952380952381,0.0605709095536258,2498.0,54.173894189071994,374.0,8.109280138768431,601.71684,34.28,0.84,Q1 Only
125375,JD BANCSHARES INC,40.0,Financials,29.458823529411763,0.0606502808716584,2170.0,47.05117085862966,375.0,8.13096270598439,85.91224,25.04,0.85,Q1 Only
176828,CARTER BANKSHARES INC,40.0,Financials,41.48717948717948,0.060796747092252,2526.0,54.77016478751084,376.0,8.152645273200347,374.76116,16.18,0.39,Q1 Only
65944,ASSERTIO HOLDINGS INC,35.0,Health Care,-4.818571428571428,0.0613403315341484,1490.0,32.30702515177797,377.0,8.174327840416305,64.60846579999999,0.6746,-0.14,Q1 Only
27345,PRINCETON BANCORP INC,40.0,Financials,39.166666666666664,0.0620438445845881,2445.0,53.01387684301822,378.0,8.196010407632263,211.49765,30.55,0.78,Q1 Only
18264,FVCBANKCORP INC,40.0,Financials,37.75,0.0621789568622235,2409.0,52.23330442324371,379.0,8.217692974848221,194.55142,10.57,0.28,Q1 Only
39097,ORIGIN MATERIALS INC,15.0,Materials,-3.6866666666666665,0.0622907675864025,1556.0,33.738074588031225,380.0,8.23937554206418,97.2220452,0.6636,-0.18,Q1 Only
66155,NORWOOD FINANCIAL CORP,40.0,Financials,38.36507936507937,0.0624496137276919,2426.0,52.601908065915005,381.0,8.261058109280139,223.79003000000003,24.17,0.63,Q1 Only
185243,CNB COMMUNITY BANCORP INC,40.0,Financials,30.053846153846152,0.0624518923076923,2185.0,47.37640936686904,382.0,8.282740676496097,81.18746,39.07,1.3,Q1 Only
180958,FIRST SAVINGS FINANCIAL GP,40.0,Financials,32.2,0.0629360120863721,2242.0,48.61231569817866,383.0,8.304423243712055,178.23344,25.76,0.8,Q1 Only
34132,BANK7 CORP,40.0,Financials,35.21818181818182,0.063007649509318,2331.0,50.54206418039896,384.0,8.326105810928015,366.01552,38.74,1.1,Q1 Only
26016,UNIVERSAL INSURANCE HLDGS,40.0,Financials,16.013513513513512,0.0634198936463335,1963.0,42.562879444926274,385.0,8.347788378143973,668.1030000000001,23.7,1.48,Q1 Only
178834,NORTHFIELD BANCORP INC,40.0,Financials,57.421052631578945,0.0637361050788091,2972.0,64.44058976582826,386.0,8.36947094535993,465.59516,10.91,0.19,Q1 Only
41459,FIRSTSUN CAP BANCORP,40.0,Financials,42.52941176470589,0.0640845605247419,2557.0,55.44232437120555,387.0,8.391153512575888,1003.3071,36.15,0.85,Q1 Only
233491,MAGNACHIP SEMICONDUCTOR CORP,45.0,Information Technology,-24.5,0.0641797216657261,866.0,18.798785776235906,388.0,8.412836079791846,125.79868000000002,3.43,-0.14,Q1 Only
18533,HORIZON BANCORP INC,40.0,Financials,27.418181818181814,0.0643391507723619,2111.0,45.771899392888116,389.0,8.434518647007806,660.29288,15.08,0.55,Q1 Only
16431,GREAT-WEST LIFECO INC,40.0,Financials,61.28260869565217,0.064752478461569,3041.0,65.9366869037294,390.0,8.456201214223764,52473.31704,56.38,0.92,Q1 Only
33184,RAFAEL HOLDINGS INC,35.0,Health Care,-10.842105263157896,0.0649163074107078,1211.0,26.257588898525587,391.0,8.477883781439722,51.32078,2.06,-0.19,Q1 Only
110243,FORESIGHT FINANCIAL GROUP,40.0,Financials,161.0,0.0650544038758264,4130.0,89.54900260190807,392.0,8.49956634865568,115.8556,32.2,0.2,Q1 Only
34938,RICHMOND MUTUAL BANCO INC,40.0,Financials,64.0,0.0663260642293891,3082.0,66.86903729401561,393.0,8.52124891587164,128.3328,12.8,0.2,Q1 Only
186890,JOHN MARSHALL BANCORP INC,40.0,Financials,48.588235294117645,0.0671934385715392,2737.0,59.34518647007806,394.0,8.542931483087598,235.83952,16.52,0.34,Q1 Only
18329,FIRST BUSEY CORP,40.0,Financials,-49.09090909090909,0.0676710720761322,607.0,13.16131830008673,395.0,8.564614050303556,1944.1728,21.6,-0.44,Q1 Only
66453,CHOICEONE FINANCIAL SERVICES,40.0,Financials,-22.13076923076923,0.0676882315612648,911.0,19.752818733738074,396.0,8.586296617519515,430.83075,28.77,-1.3,Q1 Only
37135,FOGHORN THERAPEUTICS INC,35.0,Health Care,-12.166666666666666,0.0682151679030194,1147.0,24.869904596704252,397.0,8.607979184735473,203.38165,3.65,-0.3,Q1 Only
186974,CELLECTAR BIOSCIENCES INC,35.0,Health Care,-2.2521428571428572,0.0684468270789178,1669.0,36.18820468343451,398.0,8.629661751951431,14.529024,0.3153,-0.14,Q1 Only
38764,BLUE FOUNDRY BANCORP,40.0,Financials,-70.76923076923076,0.0685186831507031,476.0,10.320901994796184,399.0,8.65134431916739,189.5752,9.2,-0.13,Q1 Only
61585,FLUSHING FINANCIAL CORP,40.0,Financials,-43.793103448275865,0.0691558075377681,653.0,14.158716392020814,400.0,8.673026886383347,428.9679,12.7,-0.29,Q1 Only
18385,FRANKLIN FINANCIAL SVCS CORP,40.0,Financials,40.284090909090914,0.0695187948675468,2482.0,53.81613183000867,401.0,8.694709453599305,156.93715,35.45,0.88,Q1 Only
187413,XUNLEI LTD  -ADS,45.0,Information Technology,-449.0,0.0696626188614003,95.0,2.059843885516045,402.0,8.716392020815263,280.05028,4.49,-0.01,Q1 Only
29282,FLAGSTAR FINANCIAL INC,40.0,Financials,-44.692307692307686,0.0701802314909657,647.0,14.028620988725066,403.0,8.738074588031223,4822.55564,11.62,-0.26,Q1 Only
4674,REGIONS FINANCIAL CORP,40.0,Financials,42.6078431372549,0.0702088426985974,2561.0,55.52905464006939,404.0,8.759757155247181,19519.60267,21.73,0.51,Q1 Only
23098,ARCADIA BIOSCIENCES INC,30.0,Consumer Staples,1.5631578947368423,0.0709769053117782,1839.0,39.87424111014744,405.0,8.78143972246314,4.05999,2.97,1.9,Q1 Only
66288,MID PENN BANCORP INC,40.0,Financials,36.49295774647887,0.0711167636069502,2371.0,51.4093668690373,406.0,8.803122289679099,501.66941999999995,25.91,0.71,Q1 Only
156953,HILLTOP HOLDINGS INC,40.0,Financials,46.84615384615385,0.0714581552459829,2688.0,58.28274067649609,407.0,8.824804856895057,1953.4892999999995,30.45,0.65,Q1 Only
33459,ORIGIN BANCORP,40.0,Financials,48.15277777777778,0.071701313549883,2723.0,59.04163052905464,408.0,8.846487424111015,1083.22948,34.67,0.72,Q1 Only
63135,DIME COMMUNITY BANCSHARES,40.0,Financials,61.95555555555555,0.0722967165807825,3057.0,66.28360797918474,409.0,8.868169991326972,1221.11612,27.88,0.45,Q1 Only
29749,RIVER FINANCIAL CORP,40.0,Financials,28.21100917431193,0.0724457876631628,2136.0,46.313963573287076,410.0,8.88985255854293,238.71225,30.75,1.09,Q1 Only
29855,FARMERS NATL BANC CORP/OH,40.0,Financials,36.25,0.0732241266307804,2361.0,51.20338248048569,411.0,8.91153512575889,490.87575,13.05,0.36,Q1 Only
66394,PEOPLES FINANCIAL SERVICES,40.0,Financials,29.646666666666665,0.0734845654181996,2175.0,47.159583694709454,412.0,8.933217692974848,444.4776499999999,44.47,1.5,Q1 Only
37530,FORGE GLOBAL HOLDINGS INC,40.0,Financials,-6.244444444444445,0.0742605628156818,1412.0,30.615784908933218,413.0,8.954900260190806,106.45404,0.562,-0.09,Q1 Only
176703,ESSA BANCORP INC,40.0,Financials,65.00000000000001,0.0746761200281967,3108.0,67.38941890719862,414.0,8.976582827406766,191.42175,18.85,0.29,Q1 Only
34621,CBDMD INC,35.0,Health Care,-0.9583333333333334,0.0750969098555494,1779.0,38.57328707718994,415.0,8.998265394622724,1.44141,0.23,-0.24,Q1 Only
146607,WESTERN NEW ENG BANCORP INC,40.0,Financials,84.54545454545455,0.0752204272420314,3472.0,75.28187337380746,416.0,9.019947961838682,192.0915,9.3,0.11,Q1 Only
18037,CITIZENS & NORTHERN CORP,40.0,Financials,49.07317073170732,0.0754169279189093,2757.0,59.77883781439722,417.0,9.04163052905464,311.51796,20.12,0.41,Q1 Only
34939,PIONEER BANCORP INC,40.0,Financials,50.913043478260875,0.0755147379028847,2808.0,60.884648742411095,418.0,9.0633130962706,295.86486,11.71,0.23,Q1 Only
151544,PARKE BANCORP INC,40.0,Financials,28.545454545454543,0.0758380562643129,2147.0,46.552471812662624,419.0,9.084995663486557,223.12212,18.84,0.66,Q1 Only
35646,BOGOTA FINANCIAL CORP,40.0,Financials,127.66666666666669,0.0764990238574401,3939.0,85.40763226366002,420.0,9.106678230702515,96.76878,7.66,0.06,Q1 Only
37527,ABCELLERA BIOLOGICS INC,35.0,Health Care,-15.928571428571429,0.0765617225905514,1049.0,22.74501300954033,421.0,9.128360797918473,665.33388,2.23,-0.14,Q1 Only
107629,NORTH DALLAS BANK & TRUST CO,40.0,Financials,109.80392156862744,0.0766309321271017,3782.0,82.00346921075456,422.0,9.150043365134431,143.864,56.0,0.51,Q1 Only
65796,MIDWESTONE FINANCIAL GROUP,40.0,Financials,40.56164383561644,0.0769004575023575,2490.0,53.989592367736336,423.0,9.17172593235039,616.36176,29.61,0.73,Q1 Only
162560,AXOS FINANCIAL INC,40.0,Financials,35.065217391304344,0.0770908405825674,2328.0,50.47701647875108,424.0,9.193408499566349,3668.99432,64.52,1.84,Q1 Only
35638,VIR BIOTECHNOLOGY INC,35.0,Health Care,-7.363636363636364,0.0771848558605886,1350.0,29.2714657415438,425.0,9.215091066782307,894.65472,6.48,-0.88,Q1 Only
38755,TEXAS COMMUNITY BANCSHAR INC,40.0,Financials,72.72727272727273,0.0776148834600833,3269.0,70.88031222896791,426.0,9.236773633998267,46.144,16.0,0.22,Q1 Only
111940,FIRST BANCORP INC/ME,40.0,Financials,38.625,0.0776250277658208,2433.0,52.753686036426714,427.0,9.258456201214225,276.78983999999997,24.72,0.64,Q1 Only
19159,PENNS WOODS BANCORP INC,40.0,Financials,28.77319587628866,0.0777280079565409,2154.0,46.704249783174326,428.0,9.280138768430183,212.50674,27.91,0.97,Q1 Only
21521,CITIZENS FINANCIAL SVCS INC,40.0,Financials,36.28124999999999,0.078145088514616,2364.0,51.25758889852558,429.0,9.30182133564614,276.318,58.05,1.6,Q1 Only
45804,AARDVARK THERAPEUTICS INC,35.0,Health Care,-17.068181818181817,0.0786045534150613,1022.0,22.159583694709454,430.0,9.323503902862099,162.87688,7.51,-0.44,Q1 Only
16777,FIRST BANCORP/NC,40.0,Financials,45.61363636363637,0.079961649195557,2644.0,57.32870771899393,431.0,9.345186470078056,1660.55166,40.14,0.88,Q1 Only
43210,NB BANCORP INC,40.0,Financials,54.75757575757576,0.0800536687474259,2916.0,63.226366001734604,432.0,9.366869037294014,733.0999,18.07,0.33,Q1 Only
15889,ANZ GROUP HOLDINGS LIMITED,40.0,Financials,23.54155844155844,0.0803260531857896,2049.0,44.427580225498694,433.0,9.388551604509974,53789.534117,18.127,0.77,Q1 Only
40307,VIGIL NEUROSCIENCE INC,35.0,Health Care,-3.63265306122449,0.0808896106320229,1560.0,33.82480485689506,434.0,9.410234171725932,83.07616,1.78,-0.49,Q1 Only
9783,KEYCORP,40.0,Financials,47.02941176470588,0.0808976376191763,2694.0,58.41283607979185,435.0,9.43191673894189,17780.656140000003,15.99,0.34,Q1 Only
136265,BANC OF CALIFORNIA INC,40.0,Financials,54.57692307692307,0.0815025533809762,2910.0,63.09627059843885,436.0,9.45359930615785,2361.25857,14.19,0.26,Q1 Only
23500,CATHAY GENERAL BANCORP,40.0,Financials,43.464646464646464,0.0815790672381176,2586.0,56.07111882046835,437.0,9.475281873373808,3013.60605,43.03,0.99,Q1 Only
21825,CITIZENS FINANCIAL GROUP INC,40.0,Financials,52.52564102564102,0.0818506548322037,2862.0,62.055507372072846,438.0,9.496964440589766,17931.25796,40.97,0.78,Q1 Only
20628,INVESTAR HOLDING CORP,40.0,Financials,27.515625,0.0828574835287127,2114.0,45.836947094535994,439.0,9.518647007805724,172.94780999999998,17.61,0.64,Q1 Only
39261,SOUTHERN STATES BANCSHAR INC,40.0,Financials,34.375,0.083025766841041,2305.0,49.98915871639202,440.0,9.540329575021683,354.7115,35.75,1.04,Q1 Only
21525,COMMUNITY BANCORP INC/VT,40.0,Financials,28.46774193548387,0.0830439915966386,2144.0,46.48742411101475,441.0,9.562012142237641,98.82235,17.65,0.62,Q1 Only
29946,LANDMARK BANCORP INC/KS,40.0,Financials,33.629629629629626,0.0833440243153854,2286.0,49.566348655680834,442.0,9.5836947094536,157.41995999999995,27.24,0.81,Q1 Only
16705,CENTRAL PACIFIC FINANCIAL CP,40.0,Financials,40.96969696969697,0.0833629380496699,2504.0,54.293148308759754,443.0,9.605377276669557,731.75648,27.04,0.66,Q1 Only
31368,HANMI FINANCIAL CORP,40.0,Financials,38.40677966101695,0.0834366049577987,2428.0,52.64527320034692,444.0,9.627059843885515,685.10244,22.66,0.59,Q1 Only
175449,AMERICAN RIVIERA BANCORP,40.0,Financials,47.9,0.0835945201057741,2720.0,58.976582827406766,445.0,9.648742411101473,111.76028,19.16,0.4,Q1 Only
29994,FIRST MID BANCSHARES INC,40.0,Financials,37.526881720430104,0.0839202407388235,2398.0,51.994796183868175,446.0,9.670424978317433,836.9717999999999,34.9,0.93,Q1 Only
42912,FIDELIS INSURANCE HOLDINGS,40.0,Financials,-42.63157894736842,0.0841027749068245,660.0,14.310494362532525,447.0,9.692107545533391,1787.427,16.2,-0.38,Q1 Only
139705,MIDDLEFIELD BANC CORP,40.0,Financials,46.583333333333336,0.0841970211125444,2675.0,58.00086730268864,448.0,9.71379011274935,225.86395,27.95,0.6,Q1 Only
27665,FIRST HAWAIIAN INC,40.0,Financials,52.00000000000001,0.0845382805056972,2843.0,61.64353859496965,449.0,9.735472679965309,3071.93692,24.44,0.47,Q1 Only
175607,PRIMIS FINANCIAL CORP,40.0,Financials,10.619565217391305,0.0846117068896035,1911.0,41.435385949696446,450.0,9.757155247181267,241.54371,9.77,0.92,Q1 Only
65106,BANK OZK,40.0,Financials,29.35810810810811,0.0849417055838678,2166.0,46.96444058976583,451.0,9.778837814397225,4941.438150000001,43.45,1.48,Q1 Only
23357,QNB CORP,40.0,Financials,50.35714285714286,0.0852247587133983,2792.0,60.53772766695577,452.0,9.800520381613183,130.74225,35.25,0.7,Q1 Only
26071,FIRST CMNTY BANCSHARES INC,40.0,Financials,58.89062499999999,0.0858617856867175,2997.0,64.98265394622723,453.0,9.82220294882914,690.74463,37.69,0.64,Q1 Only
33657,TECTONIC THERAPEUTIC INC,35.0,Health Care,-19.043010752688172,0.0859177839398531,972.0,21.075455333911535,454.0,9.843885516045098,330.66341,17.71,-0.93,Q1 Only
289283,SAGICOR FINANCIAL CO LTD,40.0,Financials,113.4,0.0860559088620705,3817.0,82.7623590633131,455.0,9.865568083261058,770.24682,5.67,0.05,Q1 Only
121713,FINANCIAL INSTITUTIONS INC,40.0,Financials,30.439024390243905,0.08629339805176,2196.0,47.614917606244575,456.0,9.887250650477016,501.9456,24.96,0.82,Q1 Only
157307,ISABELLA BANK CORP,40.0,Financials,44.50943396226415,0.0867182761046273,2616.0,56.72159583694709,457.0,9.908933217692976,174.75472000000002,23.59,0.53,Q1 Only
64979,PACIFIC PREMIER BANCORP INC,40.0,Financials,57.62162162162162,0.0869556198437175,2973.0,64.46227233304424,458.0,9.930615784908934,2069.51108,21.32,0.37,Q1 Only
4699,M&T BANK CORP,40.0,Financials,53.67867867867868,0.0872874439547168,2893.0,62.72766695576756,459.0,9.952298352124892,29054.3825,178.75,3.33,Q1 Only
35806,MORRIS ST BANCSHARES INC,40.0,Financials,45.32608695652174,0.0872878403886701,2633.0,57.090199479618384,460.0,9.97398091934085,221.1351,20.85,0.46,Q1 Only
19124,NASB FINANCIAL INC,40.0,Financials,45.81249999999999,0.0872894296997029,2649.0,57.43712055507372,461.0,9.995663486556808,264.8329,36.65,0.8,Q1 Only
